StudentID,Name
X00149226,pharm
X00081136,pharm
X00146652,pharm
X00147770,pharm
X00147055,pharm
X00150069,pharm
X00148808,pharm
X00149084,pharm
X00146644,pharm
X00148508,pharm
X00136808,pharm
X00147545,pharm
X00136848,pharm
X00147295,pharm
X00147553,pharm
X00148664,pharm
X00148566,pharm
X00147717,pharm
X00146401,pharm
X00139764,pharm
X00141582,pharm
X00145271,pharm
X00147191,pharm
X00149588,pharm
X00144399,pharm
X00147867,pharm
X00138320,pharm
X00149524,pharm
X00145370,pharm
X00121410,pharm
X00121580,pharm
X00144812,pharm
X00139174,pharm
X00148713,pharm
X00140356,pharm
X00145226,pharm
X00145836,pharm
X00146807,pharm
X00144715,pharm
X00145639,pharm
X00146042,pharm
X00148772,pharm
X00148953,pharm
X00146337,pharm
X00147232,pharm
X00073943,pharm
X00149121,pharm
X00141732,pharm
X00147872,pharm
X00148123,pharm
X00144866,pharm
